PuzzleId,FEN,Moves,Rating,RatingDeviation,Popularity,NbPlays,Themes,GameUrl,OpeningTags
0P42x,rn3rk1/pbp2ppp/1p2p3/3pP3/3P3P/q1PB1N2/P1PKQPP1/R6R b - - 2 12,c7c5 d3h7 g8h7 f3g5 h7h6 e2d3 f7f5 e5f6,2593,81,42,60,attraction crushing enPassant kingsideAttack middlegame quietMove sacrifice veryLong,https://lichess.org/3SeOEUkt/black#24,French_Defense French_Defense_Normal_Variation
0ZLrI,8/1pp5/p2p4/4k3/P1P1Pp1p/1P3K2/5PP1/8 w - - 4 40,f3g4 e5e4 g4h4 c7c6 g2g4 f4g3 f2g3 d6d5,2537,102,89,1039,crushing enPassant endgame pawnEndgame quietMove veryLong,https://lichess.org/xrrDfsGJ#79,
1EjAq,8/pp6/2pk1pp1/8/2PK1PP1/1P6/P7/8 b - - 3 36,f6f5 c4c5 d6e6 g4g5 b7b5 c5b6,2501,83,97,241,crushing enPassant endgame long pawnEndgame quietMove,https://lichess.org/mODKizN6/black#72,
1GCBz,4Q3/p1q4k/6p1/5pBp/3bp2P/P5P1/5P2/5BK1 w - - 0 35,e8f8 c7g3 g1h1 g3f3 f1g2 f3d1 h1h2 d4e5 f2f4 e4f3 h2h3 e5g7 f8e7 f3g2,2594,87,93,1715,advancedPawn crushing discoveredAttack enPassant endgame pin trappedPiece veryLong,https://lichess.org/ZJbtIzSc#69,
1ayG1,3rr1k1/ppp2p1p/6pB/4P3/5Qbq/2P5/P6P/R1K2R2 b - - 1 21,f7f5 e5f6 g8f7 f4c4 d8d5 c4d5,2512,83,77,141,advantage enPassant kingsideAttack long middlegame,https://lichess.org/FPjsHQht/black#42,
1bbro,r4rk1/1p3p2/p3p2p/qb1pP1pN/1b1P4/4PR2/5QPP/2R3K1 b - - 1 23,g8h7 f2c2 f7f5 e5f6 h7h8 c2g6,2571,96,79,80,crushing discoveredAttack enPassant long middlegame,https://lichess.org/eIvBedcn/black#46,
1ctV0,8/7p/4p1p1/pk1pP3/2p2PP1/2K5/PP5P/8 w - - 1 37,a2a3 b5c5 b2b4 c4b3 c3b3 c5d4,2537,79,82,96,crushing enPassant endgame long pawnEndgame,https://lichess.org/ql34KF9W#73,
1kDfD,8/8/2pk1p2/p3pP1p/1p2P2P/1P1K4/1PP5/8 w - - 0 32,c2c4 b4c3 b2c3 d6c5 d3c2 c5b5,2556,80,91,207,crushing defensiveMove enPassant endgame long pawnEndgame,https://lichess.org/lL0PvQBE#63,
1nWah,2b1k1r1/1p1p1p1Q/3Bq3/3rP2p/1p1n4/1P6/P5PP/3R1RK1 b - - 7 24,f7f5 e5f6 d4f3 g1h1 d5d1 f1d1,2542,82,89,306,crushing enPassant long middlegame,https://lichess.org/onw9ERiK/black#48,
2U5KN,5Q2/8/p2p2p1/P1rPp1qk/4P2p/7P/6P1/5RK1 w - - 3 39,f8d6 c5c2 g2g4 h4g3 d6a3 h5h4,2546,91,78,177,crushing enPassant endgame long,https://lichess.org/KCXnGitz#77,
2cQ2Z,r1br4/1p1qbpk1/p1n1p3/2p3PQ/P1P1N3/1P1P4/6PP/R4RK1 b - - 0 17,f7f5 g5f6 e7f6 e4f6 d7d4 g1h1 d4f6 f1f6,2551,82,91,1885,crushing enPassant fork master middlegame veryLong,https://lichess.org/OQSqCq7a/black#34,Sicilian_Defense Sicilian_Defense_McDonnell_Attack
2lAcr,8/8/4k1p1/p2p2Pp/1ppP1K1P/2P5/PP6/8 w - - 0 39,f4f3 e6f5 c3b4 a5b4 f3e3 f5g4 a2a4 b4a3 b2a3 g4h4,2538,80,80,264,crushing enPassant endgame pawnEndgame veryLong zugzwang,https://lichess.org/AXiUU2gC#77,
2nfG5,8/6q1/7p/p4p1k/4pQ1P/P3P3/5PK1/8 w - - 7 61,g2h3 g7g4 f4g4 f5g4 h3g3 a5a4 g3f4 h5h4 f4e4 h4g5 f2f4 g4f3 e4f3 g5f5,2599,103,89,548,crushing defensiveMove enPassant endgame master queenEndgame quietMove veryLong zugzwang,https://lichess.org/jE8UbYlg#121,
2qMtI,8/pp4p1/5k1p/1PP2P2/P3K1PP/2b5/8/8 b - - 0 35,g7g5 f5g6 f6g6 c5c6 b7c6 b5c6,2515,87,96,172,bishopEndgame crushing enPassant endgame long,https://lichess.org/XfQcycpK/black#70,
34vYZ,1r6/p4pkp/6p1/1P6/P1Bp2P1/3P2P1/2P2K2/8 b - - 0 29,a7a5 b5a6 b8a8 f2f3 f7f5 g4g5,2570,112,89,641,crushing defensiveMove enPassant endgame long,https://lichess.org/vUCDszYj/black#58,
3Oc4T,5bk1/5p2/2p3r1/pp2rNq1/3pP1p1/P5Qp/BPP1RP2/3K2R1 w - - 6 35,f5h4 f8h6 f2f4 g4f3 a2f7 g8g7 g3e5 g5e5,2526,85,81,59,advantage enPassant middlegame quietMove veryLong,https://lichess.org/UcWDvhzd#69,
3QeQe,rn3rk1/pp3pp1/2pp2bp/P2Pp2n/NqB1P3/4BP1P/2PN2P1/R2Q2K1 b - - 3 20,b7b5 a5b6 a7b6 c2c3 a8a4 c3b4,2552,111,90,1375,crushing enPassant long middlegame,https://lichess.org/XXjPxvOZ/black#40,
3hKl9,3r1bk1/5ppp/pq2p2B/3rP3/5RR1/1P1p1Q1P/P4PP1/6K1 b - - 1 26,d8d7 h6g7 f8g7 f3g3 f7f5 e5f6,2515,81,75,159,advantage enPassant long middlegame pin sacrifice,https://lichess.org/qM1Sl9vl/black#52,
3z6hE,2k4r/pp4q1/1b6/2p1p1pr/PPP2pN1/3P1P2/3Q2PP/1R3R1K w - - 1 31,b4c5 h5h2 g4h2 b6c5 g2g4 f4g3,2534,108,90,550,advantage enPassant intermezzo kingsideAttack long middlegame sacrifice,https://lichess.org/3VV5IHf4#61,
415PT,8/5p2/p3p1p1/3kP3/PB1b1PP1/3K4/8/8 b - - 12 51,d4e5 f4e5 d5e5 g4g5 f7f5 g5f6,2546,106,91,105,bishopEndgame crushing enPassant endgame long quietMove,https://lichess.org/WNsKZH9Z/black#102,
4BDmg,3rr1k1/P4pb1/1N4p1/1Q1p1qn1/3Pp1n1/BP2PbPp/3N1P1P/R1R2BK1 w - - 1 28,a1a2 f3d1 f2f4 e4f3,2560,81,73,162,crushing enPassant master masterVsMaster middlegame short,https://lichess.org/8KdTeczp#55,
4UQeG,8/pp1k2p1/3p4/5q2/6pr/1P1P4/1PPQ1P2/R4RK1 w - - 0 23,f2f4 g4f3 d2e3 f5g4 g1f2 h4h2 f2e1 h2e2 e3e2 f3e2,2522,91,91,1177,advancedPawn clearance crushing enPassant endgame exposedKing fork veryLong,https://lichess.org/KXpy338j#45,
5Yy7G,2k4r/p4Q2/P1pq4/1Pb1pP1p/4pn2/2P5/3P2rP/RNBB1R1K w - - 0 21,b5c6 h8g8 f7b7 c8d8 c6c7 d6c7 d2d4 e4d3,2555,81,94,673,crushing enPassant middlegame quietMove veryLong,https://lichess.org/DVVjIpsH#41,
5cGwM,rn2kb2/pp3pp1/8/5b1n/3Pp2q/1N6/PPQ1PPBP/RN3RK1 w q - 2 14,b1d2 f8d6 f2f4 e4f3 d2f3 d6h2 f3h2 f5c2,2557,79,94,1858,crushing enPassant middlegame veryLong,https://lichess.org/0utiY24d#27,Queens_Pawn_Game Queens_Pawn_Game_Symmetrical_Variation
5zJOj,5rk1/p2bbp2/2n1p2B/qp2Pp2/2pP2P1/P4N2/1PQ2P1P/2R3K1 b - - 0 23,f5g4 c2e4 f7f5 e5f6 f8f6 e4g4 g8f7 g4g7 f7e8 g7h8 f6f8 h6f8,2541,95,83,316,advantage enPassant kingsideAttack middlegame veryLong,https://lichess.org/Yg0NBZp0/black#46,
6zPwb,2r2rk1/1p3pp1/p6p/2bPq3/1p1Np1P1/1B4P1/PPP2P2/R2QR1K1 w - - 1 21,d4f3 e5g3 g1h1 g3h3 f3h2 c5d6 f2f4 e4f3,2548,116,86,151,crushing enPassant kingsideAttack middlegame pin veryLong,https://lichess.org/cRWNWEGM#41,
7QE8g,r4rk1/2p1bbp1/3p2p1/1q1P2Pp/pp1QN2P/1P3P2/P1P5/1KBR1R2 b - - 1 23,a4b3 c1b2 b3c2 b1c2 e7f6 g5f6 c7c5 d5c6,2586,86,77,108,advantage enPassant master middlegame quietMove veryLong,https://lichess.org/LXjZR5Ar/black#46,
7yaAA,8/2p5/3k3p/pp2p1p1/4P1PP/P1PK4/1P6/8 w - - 0 31,h4h5 a5a4 c3c4 c7c6 c4b5 c6b5 d3c3 d6c5 b2b4 a4b3 c3b3 c5d4 b3b4 d4e4,2543,96,90,1048,crushing enPassant endgame pawnEndgame quietMove veryLong,https://lichess.org/ugjdLE9y#61,
7zhZ0,8/8/4p2p/2k3p1/p5P1/P1K4P/1P6/8 w - - 0 34,c3d3 e6e5 b2b4 a4b3 d3c3 e5e4 c3b3 c5d4 b3c2 d4e3,2574,99,91,1663,crushing defensiveMove enPassant endgame pawnEndgame quietMove veryLong,https://lichess.org/MqZJ9iv7#67,
80gD0,1r3rk1/1pp2pp1/p3p3/4q1P1/7Q/2P2R2/PP4KP/5R2 b - - 3 25,e5e2 f1f2 e2e5 f3h3 f7f5 g5f6 f8f6 f2f6,2505,88,69,50,advantage defensiveMove enPassant endgame quietMove veryLong,https://lichess.org/apyQCh5d/black#50,
82SyD,2B5/8/2b2rpk/1pQ5/1Pp1p2p/4P2P/5PK1/2B1b3 w - - 4 39,f2f4 e4f3 g2f1 c6e4 c8f5 f6f5,2539,97,90,537,advantage clearance enPassant endgame long quietMove,https://lichess.org/rCkMInR8#77,
8RgAD,8/8/8/pp3p1p/3k3P/5P2/PP2K3/8 w - - 0 41,e2d2 b5b4 a2a4 b4a3,2586,96,91,1170,crushing enPassant endgame master pawnEndgame quietMove short,https://lichess.org/TNz2aLpv#81,
8vZe4,8/8/3p4/3k4/5p2/5P2/6P1/5K2 w - - 0 42,f1e2 d5c4 e2f2 d6d5 g2g4 f4g3 f2g3 d5d4,2599,82,94,106,crushing defensiveMove enPassant endgame pawnEndgame quietMove veryLong,https://lichess.org/yLq8BiIK#83,
8x6WP,r4rk1/1p1npp1p/p5p1/P1PP4/2Rp4/3QbBqP/1PN1K1P1/5R2 b - - 6 28,b7b5 a5b6 d7e5 d3b3 e5c4 b3c4,2531,84,79,100,advantage enPassant long middlegame,https://lichess.org/0ESfkqH6/black#56,
9Iunu,5r2/4k1p1/p1p1p2p/1rRbP2P/5R1B/1P3P2/P5K1/8 b - - 6 33,g7g5 h5g6 e7e8 c5b5,2529,87,38,63,advantage discoveredAttack enPassant endgame short,https://lichess.org/u9B7Lo1T/black#66,
9Q9Cl,2r1r1k1/1R3pp1/7p/p7/2q2p2/P4Q1P/1P3PP1/3R2K1 w - - 0 27,d1d7 e8e1 g1h2 c4c1 g2g4 f4g3 h2g3 c1g5,2597,107,80,337,attraction crushing enPassant endgame veryLong,https://lichess.org/zYawQdHo#53,
9VpYd,r6k/p1Q5/8/2P3q1/5p2/2P2P1P/PP2r1P1/RN3RK1 w - - 1 22,g2g4 f4g3 f3f4 g5d5 c7e5 e2e5,2563,84,92,224,crushing enPassant long middlegame,https://lichess.org/EPbzYEkW#43,
9ZZCd,8/pp6/2k2p2/2P3pp/2K2P2/6PP/P7/8 b - - 0 35,h5h4 g3h4 g5h4 c4d4 b7b5 c5b6 a7b6 d4e4 c6d6 e4f5,2580,104,93,2805,crushing enPassant endgame pawnEndgame veryLong,https://lichess.org/GFDfkR8K/black#70,
A9YU9,8/1r6/pP6/P1k4p/1Rppp1pP/4P1P1/3K1P2/8 w - - 2 53,b4b1 c4c3 d2c2 c5c4 e3d4 b7f7 f2f4 g4f3,2532,96,90,258,advantage enPassant endgame rookEndgame veryLong,https://lichess.org/LeWzXnSA#105,
AFXrm,r4r1k/6bp/p5p1/2p1n3/4p3/P3P2q/1P2BP1N/R1BQ1RK1 w - - 0 22,e2g4 h3h4 f2f4 e4f3 g4f3 e5f3,2564,91,34,40,advantage enPassant kingsideAttack long middlegame,https://lichess.org/ovfygUHP#43,
AY3yR,2r2rk1/pb2bp1p/1p2pnp1/4P3/2P3q1/2Q3P1/PB1N1P1P/1BRR2K1 b - - 0 19,f6e4 d2e4 b7e4 d1d4 f7f5 e5f6,2571,88,84,101,crushing enPassant long middlegame,https://lichess.org/6oelYjmU/black#38,Nimzo-Larsen_Attack Nimzo-Larsen_Attack_Indian_Variation
AdfYP,rnb2b2/1p1k1Npp/p3p3/q1p1Pn2/P1p2P2/8/1PPP2PP/R1BQK1NR w KQ - 2 12,g1f3 f5e3 b2b4 c4b3 d1e2 e3c2,2519,77,81,168,advantage enPassant long middlegame pin,https://lichess.org/t5gNan1x#23,Sicilian_Defense Sicilian_Defense_Bowdler_Attack
BReoU,8/2Q5/2p3qp/6pk/2P1Pp1P/3P1P1K/p4rP1/7R w - - 0 35,c7d7 g5h4 g2g4 h4g3 d7e7 g6g8 e7e5 h5g6,2539,97,84,66,advantage enPassant endgame veryLong,https://lichess.org/kzVxYFoV#69,
BbAQt,8/5k1p/2p2Pp1/p1qp2P1/Pp2r3/1P3Q2/5RKP/8 b - - 8 45,e4e3 f3f4 c5b6 f4h4 h7h5 g5h6,2532,81,80,168,crushing enPassant endgame long,https://lichess.org/GPO7FU8D/black#90,
Bf3Og,8/3q1p1p/4pQpk/8/6P1/7P/5P2/6K1 b - - 0 55,d7e8 g4g5 h6h5 f6f4 f7f5 g5f6 g6g5 f6f7 e8f8 f4f6,2540,106,91,598,advancedPawn clearance crushing enPassant endgame queenEndgame veryLong,https://lichess.org/7VslrT81/black#110,
BjPgO,1k1r4/p2p4/1N2pp1b/4P3/2KPQ3/2P2N2/1P1r4/R6q b - - 8 36,d7d5 e5d6 d8c8 c4b3 d2b2 b3b2 h1a1 b2a1,2530,79,91,317,crushing enPassant middlegame veryLong,https://lichess.org/A0xvov07/black#72,
Bzp12,2b2rk1/5p1R/1q4n1/rP1pP1N1/p2P1p2/2PQ2b1/1P1BK1P1/R7 b - - 5 30,a5b5 a1h1 f7f5 e5f6 b6f6 h7h8 f6h8 h1h8,2561,81,78,134,advantage enPassant kingsideAttack middlegame quietMove veryLong,https://lichess.org/Z4q0sCyB/black#60,
CaPXL,6kb/5p2/7P/p2p2P1/1p6/1P6/KNP5/8 b - - 0 39,h8b2 a2b2 g8h7 c2c4 b4c3 b2c3 f7f5 g5f6,2505,95,90,625,crushing enPassant endgame veryLong,https://lichess.org/EsQCSt6A/black#78,
DPTY0,r1k4r/ppp1Qp2/3p1Pq1/1P6/P7/1KN5/7p/2R5 b - - 3 38,b7b6 c3e4 h8h3 b3b4 c7c5 b5c6 a7a5 b4c4 d6d5 c4d5 h3d3 d5c4 g6e4 e7e4,2538,81,99,154,crushing defensiveMove enPassant endgame veryLong,https://lichess.org/BQekgBof/black#76,
DXwRs,8/1p6/p6p/P1p2p2/2P1k1p1/1P2P3/4K1PP/8 w - - 0 33,h2h4 g4h3 g2h3 f5f4 e3f4 e4f4 e2f2 f4e4,2584,90,34,62,crushing defensiveMove enPassant endgame pawnEndgame veryLong,https://lichess.org/EuEt2BUB#65,
DYnSM,r2q1rk1/1b1pnppp/p3p3/1pb1P3/3p1PQ1/1B1P2N1/PPP3PP/R1B2RK1 b - - 6 14,f7f5 e5f6 f8f6 f4f5 e7f5 f1f5,2538,100,90,1018,crushing enPassant long master middlegame pin,https://lichess.org/xtLgrTn4/black#28,Sicilian_Defense Sicilian_Defense_Closed
DauWC,5bk1/p6p/6p1/2N2p2/1PR1p1P1/P1R1P3/5PPK/r2r4 w - - 1 32,g4f5 f8d6 h2h3 g6f5 f2f4 e4f3,2564,83,81,147,crushing enPassant endgame intermezzo long,https://lichess.org/YiS1r1KP#63,
DheNX,3r2k1/pR3ppp/5q2/4b3/N3p1B1/1P1pP3/P1r2PPP/3RQ1K1 w - - 2 25,f2f4 e4f3 g4f3 e5h2,2557,110,90,960,crushing enPassant kingsideAttack master masterVsMaster middlegame short,https://lichess.org/e750JQHB#49,
Do0Pi,8/5p1p/5kp1/1p1p4/1P4PP/2PK4/5P2/8 b - - 1 34,f6e5 g4g5 f7f5 g5f6 e5f6 d3d4 f6f5 d4d5,2529,89,77,44,crushing enPassant endgame pawnEndgame quietMove veryLong,https://lichess.org/ap31FkQj/black#68,
E0qIy,6rk/6r1/R7/1pp3qn/5p2/1PP1pP1P/2Q1N1PK/6R1 w - - 1 40,g2g4 f4g3 h2g2 g7d7 g1d1 d7d2 d1d2 e3d2,2504,101,100,27,advancedPawn advantage enPassant middlegame quietMove veryLong,https://lichess.org/7EoyGFIi#79,
E4v6c,6r1/2k2bp1/3p1p1r/1p1P1B1P/pPp1Pp1R/P1P2P2/1K6/7R b - - 3 37,g7g5 h5g6 h6h4 h1h4,2504,85,76,176,advantage enPassant endgame short,https://lichess.org/Fg3XPrJK/black#74,
EESDb,8/5p2/5k1p/2p3p1/4P3/2K3P1/5P1P/8 w - - 1 40,c3c4 g5g4 c4d5 h6h5 d5c5 f6e5 f2f4 g4f3,2538,82,66,89,crushing enPassant endgame pawnEndgame quietMove veryLong zugzwang,https://lichess.org/aKlADiT4#79,
ELujP,r2qnrk1/1p2bpp1/p1n4B/4P3/2Pp4/P2Q3R/1P2B1PP/R5K1 b - - 0 20,g7h6 h3h6 f7f5 e5f6 f8f6 d3h7 g8f8 e2h5,2518,94,90,1214,crushing enPassant kingsideAttack middlegame veryLong,https://lichess.org/guRgExhe/black#40,
EMxpl,8/6p1/2ppk2p/p6P/PpPPP3/1P2K3/8/8 b - - 1 37,g7g5 h5g6 e6f6 e4e5 d6e5 d4d5 c6d5 c4c5,2535,86,93,1566,crushing defensiveMove enPassant endgame pawnEndgame veryLong,https://lichess.org/1yq8Xdkg/black#74,
ENONm,8/6pp/p7/Pp1p2kP/6P1/1PP2K2/8/8 b - - 0 38,g5h4 f3f4 g7g5 h5g6 h7g6 f4e5,2571,117,90,1193,crushing enPassant endgame long pawnEndgame,https://lichess.org/DcrktBuD/black#76,
ElCcX,8/6p1/3k3p/p1p2p1P/P4P2/2K5/1P6/8 b - - 3 59,d6c6 c3c4 c6d6 c4b5 d6e6 b5c5 g7g5 h5g6,2524,89,100,199,crushing enPassant endgame pawnEndgame veryLong zugzwang,https://lichess.org/tt8b5wfC/black#118,
ElUUD,8/5p2/p4kp1/Pp1P3p/4K1P1/2P4P/8/8 b - - 2 40,f6e7 g4g5 f7f5 g5f6 e7f6 h3h4,2540,79,78,151,crushing defensiveMove enPassant endgame long pawnEndgame quietMove,https://lichess.org/1QtZIVW6/black#80,
F00Ya,3r2k1/p2rbpp1/q1p4p/2P2P2/1RbBP3/P3Q3/3R1P2/6K1 b - - 4 29,e7f6 d4f6 d7d2 e3g3 g7g5 f5g6,2559,101,89,482,crushing enPassant long middlegame pin sacrifice,https://lichess.org/XuEhGzgi/black#58,
F9V3q,r4rk1/pbp2pp1/1p2p2p/n3P3/3P4/q1PQ1NP1/P1BK1PP1/3R3R b - - 4 19,f7f5 e5f6 f8f6 d3h7 g8f8 f3e5,2558,84,80,93,crushing defensiveMove enPassant kingsideAttack long middlegame,https://lichess.org/0Cd8qTHX/black#38,Queens_Gambit_Declined Queens_Gambit_Declined_Harrwitz_Attack
FfH0a,rn3rk1/pp2qp2/1n2p1BP/2p1P3/2P5/1PN2b2/P2Q1P1P/3RK1R1 b - - 0 17,f3d1 g6b1 g8h8 d2d3 f7f5 e5f6 f8f6 g1g7 e7g7 h6g7,2559,102,91,141,advancedPawn advantage discoveredAttack enPassant kingsideAttack middlegame veryLong,https://lichess.org/wsQuYyAK/black#34,Alekhine_Defense Alekhine_Defense_Other_variations
FxogD,8/4kp2/1p2p1pp/1Pp1P3/2P1KPP1/8/7P/8 b - - 0 38,f7f5 e5f6 e7f6 g4g5,2586,83,94,187,attraction crushing enPassant endgame master pawnEndgame short,https://lichess.org/d9Os3Z26/black#76,
GA6YU,8/8/8/3kp1p1/8/5K2/6PP/8 w - - 2 48,g2g3 e5e4 f3g2 g5g4 h2h4 g4h3,2557,81,91,691,crushing enPassant endgame long pawnEndgame quietMove,https://lichess.org/tGq9tPOs#95,
GECKl,1k1r1r2/p7/1p1bB2p/1P2q1pb/4p3/1Q4B1/2P3PP/R4R1K b - - 7 33,e5c5 f1f8 d8f8 b3a4 a7a5 b5a6,2513,106,91,1471,crushing enPassant long middlegame pin,https://lichess.org/9TOVnOiY/black#66,
GM2QV,8/8/4p1kp/3p1p2/3P1Qp1/4P1P1/5PKP/3q4 w - - 0 41,h2h4 g4h3 g2h2 d1f1 f4f3 h6h5 f3h1 f1f2,2541,92,76,184,crushing enPassant endgame queenEndgame quietMove veryLong,https://lichess.org/TTFrjQI9#81,
GthpW,r4rk1/pp1b1pp1/1qn1p2p/2b1P1NQ/2p3NP/8/PPP2PB1/R1B3K1 b - - 1 19,h6g5 g2e4 f7f5 e5f6,2581,102,92,331,crushing enPassant middlegame short,https://lichess.org/sSfGD2md/black#38,French_Defense French_Defense_Kings_Indian_Attack
GyMy3,8/6p1/5k1p/7P/5PP1/4KB2/7r/8 b - - 0 49,h2h3 e3f2 h3h2 f3g2 g7g5 h5g6,2594,83,94,219,crushing defensiveMove enPassant endgame long,https://lichess.org/v77rdsQ2/black#98,
IVM3X,8/1p6/p2k4/P4ppp/2PK3P/5PP1/8/8 b - - 0 39,g5h4 g3h4 d6c6 d4e5 b7b5 a5b6 c6b6 e5d6,2580,106,90,1299,crushing defensiveMove enPassant endgame pawnEndgame veryLong,https://lichess.org/C3fMKron/black#78,
IpGWg,1k4rr/ppp1qp2/4b3/PP2Np2/4p2p/4Q2P/2P2PP1/R2R2K1 b - - 0 25,f7f6 a5a6 c7c5 b5c6,2502,92,90,1449,crushing enPassant middlegame short,https://lichess.org/kLjb3DM7/black#50,
IturJ,8/4kpK1/6p1/p5P1/1p6/1P5P/P7/8 b - - 0 46,e7e6 g7f8 f7f5 g5f6 e6f6 h3h4,2550,107,89,584,crushing defensiveMove enPassant endgame long pawnEndgame,https://lichess.org/K50gmEJ1/black#92,
J4w0a,8/6p1/p1p2pkp/P1Qp4/1P2q1P1/6KP/2P5/8 b - - 8 42,d5d4 c5h5 g6h7 h5f5 e4f5 g4f5 g7g5 f5g6 h7g6 g3f4,2591,80,90,1284,crushing defensiveMove enPassant endgame queenEndgame veryLong,https://lichess.org/OdU7z8Or/black#84,
JAkbz,2b3k1/1p3ppp/r2q4/2nP1P2/pQ4P1/K1N1r2P/PP2N3/R4B1R w - - 4 26,a1d1 a6b6 b4f4 e3e5 b2b4 a4b3 a3b2 b3a2,2578,88,84,362,advancedPawn crushing discoveredAttack enPassant middlegame veryLong,https://lichess.org/FyZXPrZg#51,
JslMp,r3k2r/p4ppp/2p1p3/1qb1P3/3pQB2/1B6/PPP2PPP/RN3K2 w kq - 1 15,c2c4 d4c3 b3c4 c3b2 c4b5 e8g8 b5d3 g7g6,2556,92,73,125,advancedPawn castling crushing defensiveMove discoveredAttack enPassant middlegame sacrifice veryLong,https://lichess.org/KlI9CCF1#29,Sicilian_Defense Sicilian_Defense_French_Variation
KCP2E,r7/r3b2p/P3k3/R2p1p2/2pPp3/2P1P2K/3B1P1P/R7 w - - 2 35,h3g3 a8g8 g3h3 e7d6 f2f4 e4f3,2513,87,78,103,crushing enPassant endgame long,https://lichess.org/Gbp632xp#69,
KMYwb,r3k2r/3nPpb1/p1b3p1/1p4Pp/2qN1P2/2N1B2P/PPPQ4/1K1R4 b kq - 0 19,b5b4 d4c6 c4c6 c3e4 f7f5 g5f6 g7f6 d2d7 c6d7 e4f6 e8e7 f6d7 h8d8 e3c5 e7e8 d7f6,2583,87,40,54,advantage attraction deflection enPassant fork master masterVsMaster middlegame quietMove sacrifice veryLong,https://lichess.org/nLKp7aTQ/black#38,Sicilian_Defense Sicilian_Defense_Dragon_Variation
KVxvE,8/8/8/1K4k1/1p3rp1/6R1/PP6/8 w - - 2 42,a2a4 b4a3 g3a3 f4f3 a3a7 f3b3,2575,85,81,201,crushing enPassant endgame long master rookEndgame,https://lichess.org/50zhqjuR#83,
KYwKg,r2q1r1k/4bp2/3p3P/1pnP2P1/p3PQ2/7R/1P2B3/1K4R1 b - - 0 28,d8d7 f4e3 c5e4 e3e4 d7h3 e2d3 f7f5 g5f6 h3d3 e4d3 e7f6 g1c1,2526,111,84,47,crushing defensiveMove enPassant middlegame sacrifice veryLong,https://lichess.org/po5qpzBO/black#56,
KhqGA,2qrnrk1/1b3ppp/p1n5/3NP3/2R5/P2Q2P1/1P4BP/5R1K b - - 0 22,e8c7 c4h4 f7f5 e5f6 g7g6 f6f7 f8f7 f1f7,2594,84,81,149,advancedPawn crushing enPassant kingsideAttack middlegame veryLong,https://lichess.org/9csyfsHX/black#44,
Kp7Jr,8/8/3pkp1p/2p4P/1p2K1P1/1P1P4/2P5/8 w - - 5 45,e4f4 d6d5 f4e3 e6e5 d3d4 c5d4 e3d3 e5f4 d3d4 f4g4 c2c4 b4c3,2507,85,93,342,crushing enPassant endgame pawnEndgame quietMove veryLong zugzwang,https://lichess.org/TnIjZ1rx#89,
Kpx8o,rn1qk1nr/pbpp1ppp/1p6/4P3/1bB5/2N2N2/PP3PPP/R1BQK2R b KQkq - 2 7,g8e7 f3g5 d7d5 e5d6,2523,100,86,714,crushing enPassant opening short,https://lichess.org/3IXJwwDR/black#14,Center_Game Center_Game_Kieseritzky_Variation
KvwYU,b4k2/3B1p1p/5Pp1/6P1/1K1p4/2p5/P1P5/8 b - - 1 42,a8e4 d7a4 h7h5 g5h6 g6g5 b4c4,2551,80,91,1186,advantage bishopEndgame enPassant endgame long quietMove,https://lichess.org/kEv55Q5n/black#84,
Kwl8H,8/2p3p1/pp3k1p/3Pp3/2P5/6PP/P4PK1/8 w - - 2 34,g3g4 e5e4 f2f4 e4f3 g2f3 f6e5 f3e3 b6b5 e3d3 b5b4,2526,82,92,1458,advantage defensiveMove enPassant endgame pawnEndgame quietMove veryLong,https://lichess.org/AbWVvLQY#67,
L5FfX,r2q3r/ppp1b1pp/2np2k1/4PbN1/3p3P/5Q2/PPP2PP1/RNB1K2R b KQ - 0 11,e7g5 h4g5 h7h5 g5h6 c6e5 f3h5,2524,80,93,1116,crushing enPassant long middlegame,https://lichess.org/ez3Hh91K/black#22,Scotch_Game Scotch_Game_Scotch_Gambit
LbUMi,3Q4/1q3p1k/p3p1p1/4P1Kp/5P2/6P1/7P/8 b - - 1 40,a6a5 d8f8 f7f5 e5f6 b7d5 g5h4 g6g5 h4h5 g5f4 h5h4 h7g6 f8g7,2514,108,85,282,crushing enPassant endgame interference queenEndgame veryLong,https://lichess.org/T8PsvBhd/black#80,
Lh24v,8/6pp/5p2/4kP2/2p3P1/2P1K2P/8/8 b - - 0 39,e5d5 e3f4 g7g5 f5g6 h7g6 h3h4 d5e6 f4e4,2589,94,98,204,crushing defensiveMove enPassant endgame pawnEndgame quietMove veryLong zugzwang,https://lichess.org/urYPNdGw/black#78,
M6K2z,8/7p/p7/1p1pkpp1/1P6/P1K1P1PP/5P2/8 w - - 1 43,c3d3 g5g4 h3h4 h7h5 d3e2 e5e4 f2f4 g4f3 e2f2 e4d3,2591,88,72,70,crushing enPassant endgame pawnEndgame quietMove veryLong zugzwang,https://lichess.org/R2WpgYMb#85,
MCxN4,6k1/1q3pp1/1np1p3/2P1P3/1Q4K1/5P2/6PP/8 b - - 0 47,f7f5 e5f6 g7f6 c5b6,2585,87,75,138,advantage enPassant endgame short,https://lichess.org/SklfZI2i/black#94,
MK4VT,8/2q2k1p/R3p1p1/P5P1/3p1PK1/r3P3/8/4Q3 b - - 1 43,a3e3 e1h1 h7h5 g5h6 c7d7 h1c6 d7c6 a6c6 f7g8 c6c7,2597,90,80,63,crushing defensiveMove enPassant endgame veryLong,https://lichess.org/kHFai0TX/black#86,
MRhXg,2kr3r/Bppq2bp/3p4/1R1P4/4Q1p1/3P1p2/P4PPP/4R1K1 b - - 0 24,d8e8 b5b7 c8b7 e4b4 b7a8 a7e3 c7c5 d5c6,2598,89,92,659,advantage attraction enPassant middlegame queensideAttack quietMove sacrifice veryLong,https://lichess.org/Nr59PWk2/black#48,
MnIq0,8/8/4p3/8/3kPp1p/4nP2/3N2PK/8 w - - 3 56,h2h3 d4c3 d2b1 c3b2 h3h4 b2b1 g2g4 f4g3,2565,91,84,156,crushing defensiveMove enPassant endgame knightEndgame veryLong,https://lichess.org/rArKfL4x#111,
N5kAd,8/8/p1nB2K1/2P5/1P2kpp1/P7/6PP/8 w - - 0 42,h2h4 g4h3 g2h3 c6e5 g6h5 f4f3 c5c6 f3f2 c6c7 f2f1q,2534,80,82,132,advancedPawn advantage enPassant endgame promotion veryLong,https://lichess.org/zgzqMSgE#83,
NMDlW,8/6pp/2p5/5k1P/r4b2/PK1N4/5R2/8 b - - 5 38,a4e4 a3a4 g7g5 h5g6,2532,79,82,294,crushing enPassant endgame quietMove short,https://lichess.org/JH77ymK2/black#76,
NoTLI,rnbq1rk1/ppp2p2/4p1p1/6P1/2PP4/b3PN2/P3K1P1/1R1Q3R b - - 0 15,g8g7 h1h7 g7h7 d1h1 h7g8 h1h6 d8e7 b1h1 f7f5 g5f6,2556,92,91,871,attraction clearance crushing enPassant middlegame quietMove sacrifice veryLong,https://lichess.org/0AZEpWAF/black#30,Queens_Gambit_Declined Queens_Gambit_Declined_Ragozin_Defense
O0dTE,rnb2r2/pppn1pkp/4p1p1/6P1/3P2N1/1P1BP2q/P1Q2P2/2KR2R1 b - - 4 19,f7f5 g5f6 d7f6 g4e5,2543,98,80,202,crushing enPassant middlegame short,https://lichess.org/gIiEl95D/black#38,Queens_Gambit_Declined Queens_Gambit_Declined_Other_variations
O6Rvf,2B2k2/5p1p/p5p1/1pn1P3/2p2P2/2P1P3/PP5P/6K1 w - - 3 30,b2b4 c4b3 a2b3 a6a5 b3b4 a5a4 b4c5 a4a3,2528,101,91,1008,crushing enPassant endgame master quietMove sacrifice veryLong,https://lichess.org/HlEPopo4#59,
OABPy,1r2r1k1/4npp1/p5n1/3pp1PR/Np1q1P2/8/PPP3N1/1KQ4R b - - 2 28,e5e4 g2e3 f7f5 g5f6,2545,80,45,65,advantage enPassant master middlegame short,https://lichess.org/dLgo6ekF/black#56,
OejJF,rnb1kb1Q/ppp5/6p1/6q1/2B1p3/6Pn/PPPP1P1P/R1B2RK1 w q - 1 12,g1g2 c8g4 f2f4 e4f3 f1f3 g4f3,2584,91,92,861,crushing enPassant long master middlegame quietMove,https://lichess.org/Gh1bsc27#23,Latvian_Gambit Latvian_Gambit_Mlotkowski_Variation
OvINi,1q6/1r5Q/7p/6pk/5p2/5P1P/6P1/6RK w - - 0 48,g2g4 f4g3 h7e4 b7b4,2537,100,90,286,crushing enPassant endgame short,https://lichess.org/1irXFgpw#95,
PAviK,2r5/4k3/1p2pn2/2p1Qp2/2P2Pp1/P5P1/7P/6K1 w - - 0 36,h2h4 g4h3 e5a1 f6g4 a1g7 e7d6 g7b7 c8d8 g1f1 h3h2,2541,94,80,63,advancedPawn advantage enPassant endgame quietMove veryLong,https://lichess.org/rARubytn#71,
PDK6A,r2q1rk1/pb2bppp/1p2p3/2npP3/P2N2Q1/B1PBR3/2P2PPP/R5K1 b - - 6 14,f7f5 e5f6 f8f6 a3c5 e7c5 d4e6 d8e7 d3h7,2535,111,90,911,crushing enPassant kingsideAttack middlegame pin veryLong,https://lichess.org/dly7oRJJ/black#28,Owen_Defense Owen_Defense_Other_variations
PUr6r,1q1r2k1/1b1nrppp/pn2p3/1p2P1Q1/8/P5N1/1PB2PPP/2R1R1K1 b - - 3 22,d8e8 g3h5 g7g6 g5h6 f7f5 e5f6,2581,85,43,76,advantage enPassant long middlegame,https://lichess.org/3aA1DFTE/black#44,
PZ5xr,3r4/p3qpk1/4p1p1/2prP2P/3P1R2/P3Q3/5PK1/7R b - - 0 46,e7g5 g2f1 f7f5 e5f6 g7f7 e3e4,2532,96,84,77,crushing defensiveMove enPassant endgame long master,https://lichess.org/bUrD9kWb/black#92,
PhchL,8/q2b4/p2p4/Pp1Pp1pk/1P2Pp2/2Q2P2/6P1/3B1K2 w - - 6 38,g2g4 f4g3 f3f4 h5h4 c3f3 d7h3,2554,85,92,1662,crushing enPassant endgame long,https://lichess.org/NLaKvBik#75,
Pt4tG,5rk1/1qpb1p2/4p1p1/1p2P1NP/2pn3Q/5P2/7P/2n2R1K b - - 0 22,g8g7 h5g6 f8h8 h4d4 b7d5 d4f4 f7f5 e5f6 g7g6 f1g1 c1e2 g5e4,2568,88,25,58,crushing discoveredAttack enPassant middlegame veryLong,https://lichess.org/XEGCSlEx/black#44,
PvYuW,r4r2/5pp1/1bp3k1/4PnN1/1p1q1B1P/P4Q2/5PP1/5RK1 b - - 3 24,f5h4 f3g4 f7f5 e5f6 d4f4 g4f4,2509,83,80,203,advantage enPassant long middlegame,https://lichess.org/diMPPbwN/black#48,
QFGtv,r4rk1/p5p1/8/1ppbN3/3p1B2/3P2Pq/PP2PP2/R1Q2RK1 w - - 0 26,e5f3 f8f5 e2e4 d4e3 f2e3 f5f4,2529,95,83,70,crushing enPassant long middlegame,https://lichess.org/CqfzsLCC#51,
Qp9wx,1r5k/Q2npp1p/3p2pP/3P2P1/2p1P3/5PK1/P3q3/7R b - - 1 26,b8d8 a7c7 d8f8 c7d7 f7f5 g5f6,2566,108,90,584,advantage enPassant endgame long,https://lichess.org/f07UDP5L/black#52,
R582F,r6r/p4pk1/8/2p1P3/Pp2b1q1/1P4P1/1P3R1P/R4QK1 b - - 1 31,f7f5 e5f6 g7g6 f2f4 g4h5 h2h4,2573,91,48,55,advantage defensiveMove enPassant long middlegame,https://lichess.org/RoJl19NX/black#62,
RLvWy,r4r2/1p1b1pp1/1qn1p1k1/p1bpP1N1/3p2Q1/P5P1/1PPB1PP1/R3R1K1 b - - 3 16,f7f5 e5f6 e6e5 g4d7,2502,79,90,1826,crushing enPassant middlegame short,https://lichess.org/TYigAc3x/black#32,French_Defense French_Defense_Advance_Variation
RRFnT,8/8/1pp1p2p/2k1p1p1/p1P1P3/P1K2P1P/1P3P2/8 w - - 0 31,b2b4 a4b3 c3b3 c5d4 b3b4 h6h5 a3a4 h5h4 c4c5 b6c5,2548,89,82,398,crushing enPassant endgame pawnEndgame quietMove veryLong zugzwang,https://lichess.org/yvPAb0EG#61,
RpyCl,5r2/p2b2k1/1rnNp1Pp/q2p1p2/n1pP4/2P2N2/PP1Q3P/KR3B1R w - - 0 25,f3e5 c6e5 d4e5 a4c5 b2b4 c4b3,2537,83,37,63,crushing enPassant long master middlegame quietMove,https://lichess.org/MpwGbMxa#49,
SMzQ6,8/2r3pk/4Bp1p/1K3P1P/P7/8/8/8 b - - 3 59,g7g5 h5g6 h7g7 a4a5,2596,98,82,63,crushing defensiveMove enPassant endgame short,https://lichess.org/wcxsFa5P/black#118,
SP8Rw,8/5p2/1p3p2/pPkp3p/P4P2/2K1P2P/6P1/8 w - - 0 32,f4f5 h5h4 c3b3 d5d4 e3e4 d4d3 b3c3 d3d2 c3d2 c5b4 g2g4 h4g3 d2e3 b4a4,2570,89,81,49,advancedPawn crushing enPassant endgame pawnEndgame quietMove veryLong zugzwang,https://lichess.org/A07p6NHX#63,
SYVmq,1k1r1r2/pp4Q1/2p1Bn1p/2P3p1/3P4/8/1q3PPP/2R1R1K1 b - - 4 28,b2d4 c1b1 b7b5 c5b6 a7b6 e6d5 d8d5 g7f8,2576,89,77,45,crushing deflection enPassant middlegame veryLong,https://lichess.org/RKkKBoqa/black#56,
T3goC,8/8/p1p5/1p1k1pp1/3P2p1/1P2K1P1/P4P1P/8 w - - 0 35,f2f4 g4f3 h2h4 g5g4,2537,84,93,1035,crushing defensiveMove enPassant endgame pawnEndgame short,https://lichess.org/FWOp1jRa#69,
TCbFE,4r3/1r3k2/b1p1p2b/P1BpPp1p/N2P2pN/7P/3K1PP1/1R5R w - - 1 29,f2f4 g4f3 d2c2 b7b1 h1b1 f3f2,2593,94,90,545,advancedPawn advantage discoveredAttack enPassant long middlegame,https://lichess.org/kUywHAqc#57,
TIeIF,3r3r/4ppk1/1Q4p1/2p5/1p1bPPp1/1P1P2P1/P5K1/3R4 w - - 0 36,d1c1 d8a8 a2a4 b4a3,2514,82,82,79,crushing enPassant endgame master short,https://lichess.org/986YfMaB#71,
TKEP5,r3r1k1/2q2pp1/pp2p3/2nbP1NQ/P7/8/1PP3PP/R4R1K b - - 5 22,f7f5 e5f6 g7f6 f1f6,2599,78,76,123,crushing enPassant middlegame short,https://lichess.org/f7kf9Fwy/black#44,
ToqMQ,8/p7/8/1p3k1p/8/P4K2/6PP/8 w - - 0 31,h2h3 h5h4 g2g4 h4g3 f3g3 a7a5 g3f2 b5b4 a3b4 a5a4,2542,104,90,523,crushing defensiveMove enPassant endgame pawnEndgame quietMove veryLong,https://lichess.org/LvaJHhhs#61,
ULLis,r3r1k1/pp3p1p/2p3p1/2PpP1q1/3P1Rb1/3B4/PP2NQPP/7K b - - 6 23,e8f8 f2g3 f7f5 e5f6,2585,100,90,274,advantage enPassant middlegame short,https://lichess.org/LFpOmwt2/black#46,
UYFiu,2rq1rk1/pb2bpn1/1p2p1p1/3pP1NP/5BQ1/P2B4/1P1NKP2/n6R b - - 0 21,f7f5 e5f6 e7f6 h5g6,2539,83,91,4367,crushing enPassant master middlegame short,https://lichess.org/ppCK168f/black#42,
UdeBc,R5k1/5p2/1q2p1pp/4P3/2pP4/1rP4P/2Q3P1/6K1 b - - 0 34,g8g7 c2f2 f7f5 e5f6 g7f7 f2f4 b3b1 g1h2,2529,96,90,423,crushing defensiveMove enPassant endgame veryLong,https://lichess.org/fFNImRCJ/black#68,
UjouD,8/8/p2k4/P1p5/2K3p1/6P1/5P2/8 w - - 1 47,c4c3 d6d5 c3d3 c5c4 d3e3 d5c5 f2f4 g4f3 e3f3 c5b4,2515,85,85,66,crushing enPassant endgame exposedKing pawnEndgame veryLong,https://lichess.org/yQJXGR6n#93,
UmVop,8/8/7p/4q1nk/1P3p1p/P2Q3P/2P2PPK/8 w - - 7 43,g2g4 h4g3 f2g3 f4f3,2512,86,85,64,crushing enPassant endgame short,https://lichess.org/UdLfSSeA#85,
UpS04,r2q1rk1/1pp1bpp1/p1n5/6P1/2p2N2/P1B1P3/1P4P1/1QKR3n b - - 1 19,e7d6 d1h1 f7f5 g5f6 f8f6 b1h7 g8f7 h7h5,2564,105,89,406,advantage enPassant hangingPiece kingsideAttack middlegame veryLong,https://lichess.org/sGcoRoZk/black#38,
V1VQG,1r2k2r/3q1p2/4p3/p1RpP1N1/2n2P1p/2Q3pP/P5P1/K6R b k - 6 29,e8g8 c3d3 f7f5 e5f6 f8f6 c5c4,2590,85,73,130,advantage enPassant long middlegame,https://lichess.org/L70HIZlY/black#58,
VA0mA,r4rk1/pb3pb1/1pn1p1q1/3p1pP1/3P4/4B2Q/PPP1B1P1/2KR3R b - - 4 21,f5f4 e2d3 f7f5 g5f6 g6f6 d1f1,2532,88,85,65,advantage enPassant long master masterVsMaster middlegame,https://lichess.org/283wmEmD/black#42,
VUVIs,8/5ppp/4p3/p2kP3/2p2P2/P1K3P1/1P5P/8 w - - 0 38,b2b4 c4b3 c3b3 f7f6 b3a4 f6e5 a4a5 e5e4,2587,81,69,76,crushing defensiveMove enPassant endgame pawnEndgame veryLong,https://lichess.org/Qbg6j49R#75,
VVC71,8/pp4p1/6p1/2kP4/P1P1pP2/8/5K2/8 b - - 4 47,a7a6 a4a5 b7b5 a5b6 c5b6 f2e3 a6a5 e3e4,2557,95,90,1888,crushing enPassant endgame pawnEndgame quietMove veryLong,https://lichess.org/3EXCtRQ9/black#94,
Vf95L,8/7p/3k1p2/4p3/1p1pP1PP/1P1P4/4K3/8 b - - 2 38,d6e6 g4g5 f6g5 h4g5 e6f7 e2f3 f7g7 f3g3 h7h5 g5h6 g7h6 g3h4 h6g6 h4g4,2501,82,84,307,crushing defensiveMove enPassant endgame master pawnEndgame veryLong zugzwang,https://lichess.org/20XOVR2C/black#76,
VpMEQ,r4rk1/1bqn1ppp/2n1p2B/2p1P3/1pP3NP/pP2QNP1/P4PB1/R5K1 b - - 4 21,g7h6 e3h6 f7f5 e5f6 d7f6 g4f6 f8f6 h6f6,2576,85,89,679,advantage enPassant kingsideAttack middlegame veryLong,https://lichess.org/bq6ZoYSz/black#42,
VwGJ7,7k/p5pp/2pb4/4N3/4p3/1Q5P/PPP2PPK/3q4 w - - 3 27,f2f4 e4f3 b3e6 d1d5 e6e8 d5g8,2582,116,90,1252,crushing enPassant endgame long pin,https://lichess.org/TFRH6gLe#53,
W1Uug,8/8/8/4kp2/1p6/1P1K4/2P5/8 w - - 2 44,d3e3 f5f4 e3d3 e5f5 c2c4 b4c3 d3c3 f5g4,2512,87,90,72,crushing defensiveMove enPassant endgame pawnEndgame veryLong,https://lichess.org/XpxsDirt#87,
WHwOc,r4r1k/pp1b1p1p/2p1p2Q/3nP3/q2P4/2PB3P/1P4P1/2KR3R b - - 3 21,a4a1 c1c2 a1a4 c2d2 f7f5 e5f6 f8f7 d3g6,2521,88,78,113,advantage defensiveMove enPassant middlegame pin veryLong,https://lichess.org/hxJGiBsg/black#42,
WNWFH,r4rk1/ppn1qp2/2p1pp1Q/4P3/2PPR1P1/1P5P/P5K1/R7 b - - 0 25,f6e5 g4g5 f7f5 g5f6 e7f6 e4g4 g8f7 a1f1 f6f1 g2f1,2533,87,81,70,crushing enPassant middlegame pin quietMove veryLong,https://lichess.org/8Euj5gAI/black#50,
WNhLi,8/3k2pp/2pP1p2/1pP1p3/1P3P2/6PP/4K3/8 b - - 0 32,e5e4 f4f5 g7g5 f5g6,2527,102,50,40,crushing enPassant endgame master pawnEndgame quietMove short,https://lichess.org/CM7xAuHZ/black#64,
WZXfw,8/8/5p2/p1k3p1/1p2KbP1/PP2N3/2P5/8 w - - 0 37,a3a4 f4e3 e4e3 c5d5 e3d3 d5e5 c2c4 b4c3 d3c3 f6f5 g4f5 g5g4,2553,108,90,557,crushing defensiveMove enPassant endgame veryLong,https://lichess.org/5qxsLZtd#73,
Wl8JV,8/8/2R2p2/1p2r1k1/1Pp3p1/4P3/4KPP1/8 w - - 2 54,c6c5 e5c5 b4c5 g5f5 e3e4 f5e6 f2f4 g4f3 g2f3 e6d7,2586,89,92,2248,crushing defensiveMove enPassant endgame rookEndgame veryLong,https://lichess.org/ijszpxrc#107,
WsmQx,8/8/8/p2p4/P1p5/2P1k3/1PK5/8 w - - 8 47,b2b4 c4b3 c2b3 e3d3 b3b2 d3d2,2578,91,90,338,crushing enPassant endgame long pawnEndgame zugzwang,https://lichess.org/hAZ37n3m#93,
XOP0V,r4rk1/p2b2p1/2pb1n1p/B6q/B2Np3/8/PPP2PPP/RN2QRK1 w - - 3 17,f2f4 e4f3 d4f3 f6g4,2583,97,90,674,crushing enPassant middlegame short,https://lichess.org/iHFtreFk#33,Italian_Game Italian_Game_Rousseau_Gambit
XVp6Z,1r1qk2r/1pp1b2p/p1n1p2P/2PpNpp1/Q2Pn3/4P1P1/PP1N1P2/R1B1K2R b KQk - 1 15,b7b5 c5b6 b8b6 d2e4 f5e4 c1d2,2598,104,81,133,advantage clearance defensiveMove enPassant long middlegame pin,https://lichess.org/YXCpkWD6/black#30,Queens_Pawn_Game Queens_Pawn_Game_Other_variations
XXyu5,4r1k1/5pbp/2pB4/r1P5/p1b1pN2/2P1P3/1P3PPP/R4RK1 w - - 4 20,b2b4 a4b3 a1a5 c4f1 a5a3 f1c4 a3b3 c4b3,2581,119,90,1503,advantage enPassant middlegame quietMove veryLong,https://lichess.org/WxVpoNpK#39,
Xn7Gz,8/8/8/5p2/1p1R1rk1/1P6/1KP5/8 w - - 7 53,d4f4 g4f4 c2c4 b4c3 b2c3 f4e3 c3c2 f5f4,2524,86,84,283,crushing defensiveMove enPassant endgame veryLong,https://lichess.org/LpK5fLZa#105,
XsawW,1r1q1rk1/pnp5/Bp1p2pp/3P3P/1P1Pp3/N6b/P2BQP2/R4RK1 w - - 0 21,h5g6 d8h4 f2f4 e4f3 e2f2 h4g4,2522,115,91,1237,advantage enPassant kingsideAttack long middlegame,https://lichess.org/GMelBo2a#41,
YGMTC,8/1pk5/2p1K3/p1P5/P2P4/8/8/8 b - - 4 51,b7b5 c5b6 c7b6 e6d6 b6b7 d6d7,2543,106,89,496,crushing enPassant endgame long pawnEndgame zugzwang,https://lichess.org/X8XPhoYV/black#102,
YTh9Z,r5k1/1pp2qp1/3b4/p7/1P1p1p2/P2P1P2/2PQP3/2K3RR w - - 0 23,b4b5 f7a2 c1d1 d6a3 e2e4 f4e3 g1g7 g8f8,2502,105,91,267,crushing enPassant endgame veryLong,https://lichess.org/jgBtgbUf#45,
Yy37E,r1q2rk1/1b1n1p2/pb1Pp3/1p1nP1N1/2p5/6P1/P1Q2PBP/2R1R1K1 b - - 0 22,f7f5 e5f6 b6f2 g1h1 d7f6 c2g6,2532,80,95,197,advantage enPassant long middlegame,https://lichess.org/lBI3zOjc/black#44,
Z0QFP,r1b1k2r/1pqpnppp/p3p3/2b1P3/3N1B2/2N5/PPP2PPP/R2QR1K1 b kq - 2 11,f7f5 e5f6 c7f4 d1h5,2557,88,72,91,crushing enPassant master masterVsMaster opening sacrifice short,https://lichess.org/LuxLjlJZ/black#22,Sicilian_Defense Sicilian_Defense_Nyezhmetdinov-Rossolimo_Attack
Z4mdH,8/6B1/8/5k1p/8/bp3P1P/4K1P1/8 w - - 1 47,e2f2 h5h4 g2g4 h4g3,2514,102,86,684,bishopEndgame crushing enPassant endgame quietMove short,https://lichess.org/qR2LZf4D#93,
Z7z1b,8/5pkp/6p1/1Q1p2P1/P3p2P/3q4/5PK1/8 b - - 0 36,d3c4 b5c4 d5c4 g2f1 f7f5 g5f6 g7f6 a4a5,2570,83,89,1201,crushing defensiveMove enPassant endgame queenEndgame veryLong,https://lichess.org/fxFinezF/black#72,
ZQm98,8/5pp1/4Pk1p/3rR3/2pP2PP/2P5/5K2/8 b - - 0 35,d5e5 e6f7 f6f7 d4e5 f7e6 h4h5 e6e5 f2e3 g7g5 h5g6,2526,88,82,84,advancedPawn crushing enPassant endgame quietMove rookEndgame veryLong zugzwang,https://lichess.org/tjMaeNED/black#70,
ZaOvF,r1r3k1/pbqp1pp1/1p2p3/4P1N1/5B1Q/2N4P/nPPK2P1/7R b - - 1 20,a2c3 h4h7 g8f8 h7h5 d7d5 e5d6 c3e4 d2e1 f8e8 d6c7,2589,89,84,88,advancedPawn crushing enPassant middlegame veryLong,https://lichess.org/meMRnzrF/black#40,
ZsBMc,8/pp4pp/3k1p2/PP3P2/3K2P1/8/7P/8 b - - 0 37,b7b6 a5b6 a7b6 h2h3 g7g5 f5g6 h7g6 h3h4,2538,82,61,48,crushing defensiveMove enPassant endgame master pawnEndgame quietMove veryLong zugzwang,https://lichess.org/SPee1Yq2/black#74,
a0X7y,b4r1k/3nq1p1/1r5p/1Pp1p3/P1Pp1p2/BN1P2P1/2Q1PP1P/R4RK1 w - - 0 29,a4a5 b6g6 e2e4 d4e3,2551,94,75,78,crushing enPassant middlegame short,https://lichess.org/ATSjBR03#57,
alvVO,8/5pp1/4p3/2pkP3/1p2pPP1/1PK1P3/2P5/8 w - - 0 31,c3b2 g7g5 c2c4 b4c3 b2c3 g5f4 e3f4 e4e3 c3d3 e3e2 d3e2 d5e4 f4f5 e6f5 e5e6 f7e6 g4g5 e4e5 e2f3 e5d6 g5g6 d6e7 g6g7 e7f7 g7g8r f7g8,2581,95,91,553,advancedPawn crushing enPassant endgame pawnEndgame veryLong,https://lichess.org/GKp9o2le#61,
ar3t3,8/5p2/4p1p1/p5Pp/4kP1P/8/PPK5/8 w - - 2 35,c2c3 e4f4 a2a3 a5a4 b2b4 a4b3,2545,84,79,123,crushing enPassant endgame long pawnEndgame quietMove,https://lichess.org/ioaJWPAw#69,
ardVO,3r2k1/2q2ppp/1r3n2/3p4/1P1Pp2n/1Q2P2P/3B1PP1/R3RBK1 w - - 5 27,b4b5 f6g4 h3g4 b6h6 f1e2 h4g2 f2f4 e4f3,2575,84,100,99,advantage clearance enPassant middlegame quietMove sacrifice veryLong,https://lichess.org/ydMRQ5ow#53,
b5DxN,8/1p6/2p5/p2p1kpp/P2P4/1P3K1P/2P3P1/8 w - - 0 36,c2c4 h5h4 g2g4 h4g3,2559,84,98,114,crushing enPassant endgame pawnEndgame quietMove short zugzwang,https://lichess.org/F3JvCY69#71,
bCw3I,6B1/5p2/2p1p3/pp2P3/P4PK1/1P2k3/8/4b3 b - - 1 47,f7f5 e5f6 e1c3 g4g5 e3e4 g8e6,2538,83,98,224,bishopEndgame crushing enPassant endgame long master,https://lichess.org/pfmNjsjZ/black#94,
bQFEV,3r3k/p1q2r1p/6p1/1pbBP1P1/2p3PP/2P2Q2/PP4K1/5R2 w - - 0 36,f3f7 c7e5 b2b4 c4b3 f1e1 e5d5 f7d5 d8d5,2515,106,90,614,crushing enPassant endgame exposedKing master veryLong,https://lichess.org/DBliGrgo#71,
cEBm5,8/1p6/p4kp1/3p3p/2pP1KPP/2P5/PP6/8 w - - 0 38,g4g5 f6e6 b2b4 c4b3 a2b3 a6a5 f4e3 b7b5 e3d3 a5a4,2568,85,83,230,crushing defensiveMove enPassant endgame pawnEndgame quietMove veryLong,https://lichess.org/tJFQaxu3#75,
cQ7V7,r1k5/pp1n2p1/1qpQ3r/8/6p1/2N3K1/PPPP1P2/R1B2R2 w - - 0 21,d6e7 b6c7 f2f4 g4f3 g3f2 c7h2,2531,78,75,115,advantage discoveredAttack enPassant exposedKing long middlegame,https://lichess.org/1R2u5foi#41,
cS5NN,r2q1rk1/5pp1/5bQ1/1pp5/p2p4/P2P3P/BPP2PP1/4RRK1 w - - 0 23,b2b4 a4b3 a2b3 c5c4,2537,108,90,569,advantage enPassant middlegame short,https://lichess.org/jrovj6vQ#45,
clhZF,2rq1r1k/4bppp/p3p3/np1pP3/1PnP1B2/P1N2P1P/2B1QP1K/R5R1 b - - 1 21,a5c6 g1g7 h8g7 a1g1 g7h8 e2d3 f7f5 e5f6 f8f7 g1g7 d8g8 g7g8,2549,97,90,2535,attraction crushing enPassant kingsideAttack master middlegame sacrifice veryLong,https://lichess.org/DRmtdoi8/black#42,
d9WDZ,2r2r1k/1b3pp1/p3p2N/q1bpP2P/8/2R3R1/1P1Q1PP1/6K1 b - - 0 31,c5f2 d2f2 c8c3 b2c3 f7f5 e5f6,2568,83,89,1205,crushing enPassant hangingPiece long middlegame,https://lichess.org/7VyeGGK7/black#62,
dF0sl,r3k3/3pbpp1/p1n1p3/q1p1P3/2P1QP2/6P1/PP1B4/R3K2B b Qq - 2 18,a5a4 h1f3 f7f5 e5f6,2566,100,91,1627,crushing enPassant middlegame quietMove short,https://lichess.org/BJKCYgfG/black#36,Sicilian_Defense Sicilian_Defense_McDonnell_Attack
dH5N3,8/1p3p2/p1pk2p1/3p2Kp/PP1P4/7P/5PP1/8 b - - 1 43,d6e7 a4a5 e7d7 g5f6 d7c7 f6f7 b7b5 a5b6,2572,110,88,843,crushing enPassant endgame pawnEndgame quietMove veryLong,https://lichess.org/Cm9hDS8g/black#86,
dSrWz,1k1r4/1pp5/P1p3rp/P4p1q/2PpP3/3P2P1/6KP/RQ2N3 b - - 1 25,b7b5 a5b6 h5e2 g2g1,2532,107,90,1034,crushing defensiveMove enPassant endgame short,https://lichess.org/bHoCsgYH/black#50,
e2D7c,r2qr1k1/pp3ppp/2pb4/8/3Pp3/2NQB3/PPP2P2/R4RK1 w - - 0 18,d3e2 d8h4 f2f4 e4f3 f1f3 e8e6,2549,125,88,1181,crushing enPassant long middlegame,https://lichess.org/59D78Z7D#35,French_Defense French_Defense_Knight_Variation
ei9Zp,8/1b1rNpbk/3Pp2p/pNr1P1p1/8/1B4QP/Pq4P1/4R2K b - - 5 32,c5b5 g3d3 f7f5 e5f6 b5f5 b3c2,2589,83,83,254,advantage defensiveMove discoveredAttack enPassant fork long middlegame pin,https://lichess.org/jyWOiCV3/black#64,
ephGX,8/8/1p6/prpk1pp1/2RPp3/PPK1P1Pp/5P1P/8 w - - 0 34,b3b4 a5a4 f2f4 e4f3,2508,102,100,84,crushing enPassant endgame master quietMove rookEndgame short zugzwang,https://lichess.org/5lPGqsZ9#67,
evMlx,2r2rk1/4qp1p/4p1p1/1p1p2P1/p1nP1P2/P2Q4/1PP1N3/K1R4R b - - 0 26,b5b4 h1h7 g8h7 d3h3 h7g8 c1h1 f7f5 g5f6,2546,82,98,175,advantage attraction enPassant middlegame quietMove sacrifice veryLong,https://lichess.org/MFpv0KMz/black#52,
fXuTc,r4rk1/1p1nnp2/1bp4q/p3P1N1/P3N1Q1/8/1P3PPP/R4RK1 b - - 2 21,f7f5 e5f6 d7f6 g4e6 g8h8 a1a3,2539,98,79,37,crushing defensiveMove enPassant exposedKing fork long middlegame,https://lichess.org/BQ3h36VS/black#42,
fmu28,r2qkb1r/2p2p2/p2p4/1p1Qn2p/4P1p1/1B5P/PPP2P2/RNB2RK1 w kq - 0 15,f2f4 g4f3 f1f3 e5f3,2566,90,91,1232,crushing enPassant kingsideAttack middlegame short,https://lichess.org/sIsBCGqt#29,Ruy_Lopez Ruy_Lopez_Morphy_Defense
fy3vi,8/3k1p1p/3P2pr/4P1N1/7P/6K1/8/8 b - - 0 38,f7f5 e5f6 h6h5 f6f7,2554,84,83,403,advancedPawn crushing enPassant endgame short,https://lichess.org/Y284yYae/black#76,
fzjeZ,1r2k3/3pn1Q1/2p1p1p1/pq2P3/3P2P1/2r5/PP1R1P2/3K3R b - - 2 25,d7d5 e5d6 b5a4 b2b3 c3c1 d1c1,2518,83,93,185,advantage enPassant long middlegame,https://lichess.org/9v4Y2Qbr/black#50,
gCsYC,8/8/8/5p1p/p2k2p1/P4PP1/1PK3P1/8 w - - 0 42,b2b4 a4b3 c2b3 g4f3 g2f3 f5f4,2592,87,82,178,crushing enPassant endgame long pawnEndgame,https://lichess.org/D987UR9S#83,
gEDBL,r1b1k2r/1p3pp1/pbpq4/4p3/4P1p1/P1NBB1P1/1PP1QP2/R4RK1 w kq - 3 17,e3b6 d6h6 f2f4 g4f3 f1f3 h6h1 g1f2 h8h2 f2e3 h2e2 e3e2 h1a1,2549,84,84,73,advantage enPassant kingsideAttack middlegame quietMove skewer veryLong,https://lichess.org/id9IhuS5#33,Sicilian_Defense Sicilian_Defense_Kan_Variation
gJsYm,r1bq1r1k/ppn1bp1p/8/3pP3/2p5/2N1B1RP/PP2Q1B1/5RK1 b - - 0 25,d5d4 e2h5 f7f5 e5f6,2513,90,89,79,crushing enPassant middlegame short,https://lichess.org/QfVCyD2D/black#50,
gd3uZ,4r2k/ppR3R1/3p1rb1/3P2q1/3Q1p1p/1B1P1P1P/PP4P1/6K1 w - - 1 28,d4b4 e8e2 g2g4 f4g3 g7e7 e2e7,2568,110,90,1819,advantage enPassant long middlegame,https://lichess.org/AB2u1j1u#55,
gib3c,r2r4/1bpq1pp1/p3p1k1/4P1N1/1b1P3P/4B3/4QPP1/2R3K1 b - - 0 24,d8h8 e2g4 f7f5 e5f6,2565,96,90,1254,crushing enPassant middlegame short,https://lichess.org/pagzJvO0/black#48,
gxWzN,3r1rk1/1b2bp2/p3p2p/1ppqP1pP/3P2R1/P1P3Q1/1PB3P1/RN4K1 b - - 0 24,c5d4 g3d3 f7f5 e5f6 f8f6 d3h7 g8f8 c2g6,2567,80,80,105,clearance crushing defensiveMove enPassant fork middlegame veryLong,https://lichess.org/RcblIg79/black#48,
h0Lo1,r3r1n1/p1p2pkp/1p4p1/4P1B1/3P1Q1R/P1q4P/6PK/8 b - - 1 24,e8e6 g5h6 g8h6 f4h6 g7g8 h6h7 g8f8 h4f4 f7f5 e5f6,2546,92,76,101,crushing enPassant middlegame veryLong,https://lichess.org/0cQuJ2Kn/black#48,
hJb1o,5rk1/pp2qp1p/7Q/3pPR2/2r5/P1B5/1P4PP/6K1 b - - 0 27,g8h8 f5h5 f7f5 e5f6,2529,79,74,116,crushing enPassant endgame master quietMove short,https://lichess.org/rG2g9GZK/black#54,
hMgdu,8/1NR2pk1/8/7p/1P4p1/3bP3/1P3PPP/r4BK1 w - - 3 27,g2g3 d3f1 f2f4 g4f3 e3e4 f1g2 g1f2 a1f1 f2e3 f1e1,2538,106,84,1086,advantage discoveredAttack enPassant endgame veryLong,https://lichess.org/8BeifREv#53,
hPIXT,rn2k2r/1bqp1ppp/p3p3/4P3/2PP4/3BPN2/4Q1PP/R5K1 b kq - 0 16,e8g8 d3h7 g8h7 f3g5 h7g6 e2g4 f7f5 e5f6 g6f6 g5e6 c7c4 e6f8,2500,193,21,17,advantage attraction clearance enPassant kingsideAttack middlegame sacrifice veryLong,https://lichess.org/7Z020BeJ/black#32,Sicilian_Defense Sicilian_Defense_Drazic_Variation
hYutm,3r4/3P2p1/7p/pB3p1P/P1Pk1P2/8/2K5/8 b - - 6 51,d4e4 c2c3 g7g5 h5g6,2541,82,77,70,crushing enPassant endgame master short,https://lichess.org/zg7SREMy/black#102,
hZs70,1r2n2k/1ppq3p/p2p2pN/P2P2P1/3QP3/5r2/R7/4K2R b K - 0 30,e8g7 a2h2 c7c5 d5c6 b7c6 h6f7,2586,85,84,84,crushing enPassant long middlegame quietMove,https://lichess.org/OWAfPI39/black#60,
huYKA,r4rk1/1pq2pb1/p1p1b3/2PpP1pQ/8/2NB2P1/PP4P1/R3R1K1 b - - 2 18,f7f5 e5f6 f8f6 e1e6 f6e6 h5h7 g8f8 a1f1 c7f7 f1f7,2595,84,81,174,crushing discoveredAttack enPassant exposedKing kingsideAttack middlegame sacrifice veryLong,https://lichess.org/4HRoQHSs/black#36,French_Defense French_Defense_Exchange_Variation
i8WIs,r1bq1rk1/pppp1p2/1bn2n1p/4P1p1/2B4B/5N2/PPQ2PPP/RN3RK1 b - - 0 11,g5h4 c2g6 g8h8 g6h6 f6h7 c4d3 f7f5 e5f6 f8f7 f1e1 b6f2 g1f2,2536,96,74,77,advantage enPassant opening pin quietMove veryLong,https://lichess.org/ccZgtsW7/black#22,Ponziani_Opening Ponziani_Opening_Jaenisch_Counterattack
iWLqA,1qb3k1/5ppp/p2b4/1p2N3/4p3/6Q1/PP3PPP/5RK1 w - - 1 27,f2f4 e4f3 g3f3 b8a7 g1h1 d6e5 f3c6 a7d7 f1c1 d7c6,2562,95,90,588,advantage enPassant endgame veryLong,https://lichess.org/J56Gu7F3#53,
jK5oz,r2qr1k1/1bpp1p1p/p4Pp1/1p2P3/1b1Nn3/1B5Q/P5PP/R1B2RK1 b - - 2 22,d7d5 e5d6 d8d6 b3f7,2572,92,78,132,advantage enPassant kingsideAttack middlegame short,https://lichess.org/TFHyEnYc/black#44,
jKTZC,8/pp6/4k3/1PP2p1p/3P1Kp1/6P1/6P1/8 b - - 1 36,e6d5 f4f5 a7a5 b5a6 b7a6 f5f4 a6a5 f4e3,2549,90,84,347,crushing defensiveMove enPassant endgame pawnEndgame veryLong,https://lichess.org/bdP3sPgW/black#72,
jdslq,rn2k1nr/p3bp1p/2b1p2q/2p1P3/2B1N1p1/1R6/P1P1QPPP/4NRK1 b kq - 1 16,f7f5 e5f6 g8f6 e4d6 e7d6 e2e6,2548,91,85,121,crushing discoveredAttack enPassant exposedKing long middlegame sacrifice,https://lichess.org/R77mtUN1/black#32,French_Defense French_Defense_Kings_Indian_Attack
jhzak,1r4k1/Q4ppp/1rPbp3/8/2p1qP2/2P5/1P1B2PP/2KRN2R w - - 3 21,b2b4 c4b3 c1b2 e4e2,2586,80,81,97,crushing enPassant master masterVsMaster middlegame short,https://lichess.org/HJvcyqdd#41,
kC90J,8/p7/5kpp/3p4/2pP1KP1/6P1/PP6/8 w - - 0 40,b2b4 c4b3 a2b3 f6e6 g4g5 h6h5,2547,94,100,48,crushing defensiveMove enPassant endgame long pawnEndgame,https://lichess.org/zlHzq3zW#79,
kFCbQ,r4r1k/pp4bp/3p4/2P2p2/2Bpp2q/1P6/P2P1P1N/R1BQ1R1K w - - 2 24,c5d6 g7e5 f2f4 e4f3 f1f2 h4f2 d1g1 f2h4,2527,94,27,34,crushing enPassant middlegame pin veryLong,https://lichess.org/8WmbsFbx#47,
kOhDY,8/8/6p1/p7/3pk3/P4n2/1PP5/1N1K4 w - - 0 48,b1d2 f3d2 d1d2 a5a4 b2b4 a4b3,2547,88,95,221,crushing enPassant endgame knightEndgame long quietMove,https://lichess.org/HCgSOCKI#95,
kS36x,1r4k1/2p1n2p/1q1b1Rp1/3Pp3/1P4P1/2PQ3P/8/2KR4 b - - 0 26,c7c5 d5c6 d6b4 d3c4 g8g7 f6f7,2515,81,87,121,advantage enPassant long middlegame,https://lichess.org/IKuJ8e3N/black#52,
kjX7y,8/8/6p1/7p/3k2N1/3p1P2/3K2PP/8 w - - 0 41,f3f4 h5g4 h2h4 g4h3 g2h3 d4e4 f4f5 e4f5,2596,81,93,964,crushing enPassant endgame hangingPiece veryLong,https://lichess.org/4vNwPS4J#81,
kvWqt,5k2/p3pp2/6p1/3qP3/1p1r2P1/4Q3/PPP5/1KR5 b - - 0 32,d4g4 e3h3 f7f5 e5f6,2519,81,74,91,crushing enPassant endgame master short,https://lichess.org/rtwGIdLL/black#64,
l2as2,8/1ppk4/3p4/3Pp1p1/1PP1P1Pp/2K4P/8/8 b - - 5 37,c7c6 c4c5 b7b5 c5b6 c6d5 e4d5 d7c8 c3d3 c8b7 d3e4 b7b6 e4f5 b6b5 f5g5,2538,82,90,1600,crushing enPassant endgame pawnEndgame veryLong,https://lichess.org/85G45yl4/black#74,
l5Ik5,8/6p1/1pp2k1p/p2p3P/PP1P1KP1/2P5/8/8 b - - 0 43,g7g5 h5g6 f6g6 f4e5 g6g5 e5d6,2516,82,84,336,crushing enPassant endgame long pawnEndgame,https://lichess.org/bOrcmeyA/black#86,
lVwmR,2r1k3/1p4bR/8/pb1q1p2/4pBp1/1P2P3/P2P1PP1/3RK1Q1 w - - 2 26,d2d4 e4d3 f2f3 g4g3 f4g3 d5c5 h7g7 c5c3 d1d2 c3c1,2570,99,81,74,crushing enPassant fork master middlegame sacrifice veryLong,https://lichess.org/oom2mKsl#51,
m0E6e,r4rk1/pp3pp1/2p4p/4Qb1P/5N1R/2P1B1K1/q5P1/8 b - - 4 26,g7g5 h5g6 a8e8 e5f5 e8e3 g3h2,2576,87,77,64,crushing enPassant long middlegame,https://lichess.org/bnzr7Hyu/black#52,
m85sk,r1b1r1k1/pp2bp2/1q2p2p/3nP2Q/8/1P1B2N1/P4PPP/R3R1K1 b - - 0 18,e7f8 h5g4 g8h8 g4e4 f7f5 e5f6 d5f6 e4g6,2575,81,90,1341,crushing enPassant kingsideAttack middlegame veryLong,https://lichess.org/OiordsUf/black#36,Caro-Kann_Defense Caro-Kann_Defense_Karpov_Variation
mIr8q,3k4/6p1/3P1p1p/8/p2K2P1/P4P2/1P6/8 w - - 3 51,b2b4 a4b3 d4c3 g7g6 a3a4 d8d7,2534,92,78,82,crushing enPassant endgame long pawnEndgame quietMove,https://lichess.org/1OcTpuzR#101,
mikQi,1r3r2/pb4pk/4B3/1pp1pP1P/3nP3/3P4/PK6/6RR b - - 1 27,c5c4 h5h6 c4c3 b2a1 g7g5 f5g6,2506,94,91,559,crushing defensiveMove enPassant long middlegame,https://lichess.org/BZBMMKEo/black#54,
nRYEE,1r3rk1/1pq3p1/p6p/2P1np1B/3Pp2n/P3B2P/2Q2P1K/R4R2 w - - 0 24,d4e5 c7e5 f2f4 e4f3 h2h1 f5f4 e3f2 e5h5,2561,87,57,52,advantage discoveredAttack enPassant middlegame veryLong,https://lichess.org/oBJ35v9a#47,
nkoTT,3q1r2/pbr2pkp/np1Np1p1/4P2P/2Pp1Q2/Pn4N1/1P4P1/1B3RK1 b - - 0 23,f7f5 e5f6 f8f6 d6e8 d8e8 f4f6 g7g8 h5g6 h7g6 b1g6,2533,89,85,48,advantage attraction deflection enPassant middlegame veryLong,https://lichess.org/pym5eg3Z/black#46,
nuGQq,r1bq2k1/1p6/1Pp3p1/P2p2rp/4p1P1/1Q2P2P/4BP2/R4RK1 w - - 0 25,h3h4 c8g4 h4g5 g4e2 f2f4 e4f3,2528,80,92,1494,advantage enPassant long middlegame,https://lichess.org/WGmzd1K0#49,
oLBJK,rnbk1b1r/pppp1Bpp/8/4P3/5B2/3P1N1q/PPP1Q2P/RN2K2n b Q - 1 10,d7d5 e5d6 c7d6 e2e8 d8c7 b1c3,2562,91,64,107,advantage clearance defensiveMove enPassant long middlegame,https://lichess.org/4ZZj9VrB/black#20,Kings_Gambit_Accepted Kings_Gambit_Accepted_Bishops_Gambit
oLiip,8/8/7p/p3k3/2p3PP/P2pK3/1P6/8 w - - 0 39,g4g5 h6g5 h4g5 a5a4 e3d2 e5f5 b2b4 a4b3,2574,92,91,1004,crushing enPassant endgame pawnEndgame quietMove veryLong,https://lichess.org/unkaI7AX#77,
onpNx,8/6kp/8/1p3pP1/p3pP2/P1P5/4KP2/8 b - - 0 38,h7h5 g5h6 g7h6 e2e3 h6g6 e3d4,2516,80,75,118,crushing enPassant endgame long pawnEndgame,https://lichess.org/b6MV2ThE/black#76,
opkcA,2k4r/p1prn1pp/q2pNp2/3Pn3/8/1Q2B3/PP4PP/R2R2K1 b - - 9 23,g7g5 d1d4 c7c5 d5c6 e7c6 a1c1,2531,111,91,591,advantage enPassant long middlegame pin quietMove,https://lichess.org/ydsVP9Uy/black#46,
ouOOi,4r2k/p1p1p1Rp/1p1p4/3P4/q1P3QP/8/P4P2/6K1 b - - 0 25,a4c2 g4d4 c2c1 g1g2 c7c5 d5c6 e7e5 d4g4,2586,86,82,281,crushing defensiveMove enPassant endgame veryLong,https://lichess.org/Ud4JJ8OL/black#50,
pc5Fp,3r4/1p1r4/p2Pkp2/P1p1p3/6Kp/4P3/1P1R2PP/3R4 b - - 6 30,d7d6 d2d6 d8d6 d1d6 e6d6 g4h4 b7b5 a5b6,2527,93,82,284,crushing enPassant endgame rookEndgame veryLong,https://lichess.org/bXhK5F0c/black#60,
pgS79,2rk1bnr/ppNbpppp/8/3P3q/5B2/5P2/P4P1P/2RQKB1R b K - 6 13,e7e5 d5e6 h5a5 e1e2,2554,96,90,423,crushing defensiveMove enPassant master opening short,https://lichess.org/Eal55bjz/black#26,Sicilian_Defense Sicilian_Defense_Old_Sicilian
phtYn,8/b2pkpp1/2p1p3/2P1P3/pq1BN3/1P1R2P1/P6r/1K1R4 b - - 1 33,f7f5 e5f6 g7f6 d4f6 e7e8 d3d4 a7c5 d4b4,2532,87,56,53,advantage enPassant middlegame veryLong,https://lichess.org/hYR69aS9/black#66,
pinrR,8/3pk3/2p1p2p/4P1p1/2P1pP2/6P1/5K1P/8 b - - 1 33,d7d5 e5d6 e7d6 f4g5,2521,85,83,229,crushing enPassant endgame pawnEndgame short,https://lichess.org/P5x2QNbI/black#66,
plX2C,6r1/3qnrpk/3b3p/3p1p1P/p1pP1P2/PpP1PQ1B/1P1B2R1/6RK b - - 5 32,g7g5 h5g6 g8g6 g2g6 e7g6 f3d5,2509,90,83,276,crushing enPassant fork long middlegame,https://lichess.org/yXwP5xVg/black#64,
pogDJ,rqr5/3R1pp1/pb2pk1p/2P4P/Q3n3/6P1/PP3PK1/R7 b - - 0 29,e4c5 a4h4 g7g5 h5g6 f6g6 h4g4 g6f6 g4f3,2546,103,90,1785,attraction crushing discoveredAttack enPassant middlegame veryLong,https://lichess.org/cYqa83pe/black#58,
pvH0p,5rk1/pQ4p1/2pq3p/3p4/3Pp1b1/2P3P1/PP3P1P/R3R1K1 w - - 0 25,b7a7 d6f6 f2f4 e4f3 g1f2 f6f5,2510,81,81,61,crushing defensiveMove enPassant endgame long,https://lichess.org/ZH2s4TI5#49,
q4DWU,8/p1p5/1pP5/1Pk5/4K3/2b1p3/4B3/8 b - - 7 56,a7a5 b5a6 c5c6 e4d3 c3e5 e2f3,2577,91,83,184,bishopEndgame crushing enPassant endgame long,https://lichess.org/9wJiTZkU/black#112,
qar9d,8/1pp4p/3k2p1/1P1P4/3K1P2/4P3/8/8 b - - 2 45,h7h5 e3e4 c7c5 d5c6 b7c6 b5b6,2567,101,89,307,crushing enPassant endgame long pawnEndgame quietMove,https://lichess.org/l9nJ9zHc/black#90,
qd4aQ,5rk1/2p3pp/3b4/4q3/1r2p3/4Q3/PPP2PPP/R1B1R1K1 w - - 4 20,e3g3 e5f5 f2f4 e4f3 g3f3 f5c5 c1e3 f8f3 e3c5 d6c5,2580,99,90,745,crushing discoveredAttack enPassant kingsideAttack middlegame veryLong,https://lichess.org/aQ0iPY43#39,
qeWns,8/1pp3p1/p2p1k2/3P2P1/5K2/8/PPP5/8 b - - 0 33,f6g6 f4g4 g6f7 g4h5 c7c5 d5c6,2526,84,67,117,crushing enPassant endgame long pawnEndgame,https://lichess.org/DdOtLwK7/black#66,
r7Ueh,5rk1/5pp1/1q2p3/p3P2Q/2pPB3/1pPn4/6P1/R5K1 b - - 3 31,f7f5 e5f6 f8f6 a1a5,2577,88,81,166,crushing enPassant endgame short,https://lichess.org/q8jbhK5N/black#62,
rNsOg,R7/P4p2/4pkp1/8/5P1p/7P/6PK/r7 w - - 1 38,g2g4 h4g3 h2g3 f6f5 a8c8 a1a3,2591,83,81,99,crushing enPassant endgame long rookEndgame,https://lichess.org/zK7fqo83#75,
rQQ5Z,r1bqr3/1p1pnkbp/p5p1/2B1P3/4R3/1Q1P4/PP3PPP/2R3K1 b - - 1 21,d7d5 e5d6 e7d5 b3d5 c8e6 e4e6,2524,132,74,24,crushing discoveredAttack enPassant long middlegame,https://lichess.org/KTXx3Vk9/black#42,
rWn4Z,3r3k/pb3Qp1/4Rb1p/2pq4/N2p4/1P3N1P/P1P2PP1/6K1 w - - 1 27,c2c4 d4c3 a4c3 f6c3 f3h4 d5g5 h4g6 h8h7,2599,85,83,236,advantage enPassant middlegame veryLong,https://lichess.org/y87uP0Po#53,
rdv2D,6r1/5ppk/p2p1P1p/2pPpQ1P/q1r1P2P/8/4R3/5RK1 b - - 2 32,h7h8 e2g2 a4e8 g1h1 c4c3 f1g1 g7g5 h5g6,2580,104,43,31,clearance crushing enPassant endgame quietMove veryLong,https://lichess.org/9Qegjdp8/black#64,
rn3lu,2kr3r/Qpp1q2p/6p1/3Pp1P1/2B5/2N5/PPP2P2/2K1n3 b - - 0 24,e1f3 a7a8 c8d7 c4b5 d7d6 a8a3 c7c5 d5c6 d6e6 b5c4,2566,98,91,613,crushing discoveredAttack enPassant middlegame queensideAttack veryLong,https://lichess.org/VmR0hV0l/black#48,
rykmg,3RN3/4pp1p/6pk/4P3/1p2nPP1/5K1P/1r6/8 b - - 4 40,f7f5 e5f6 e4f6 g4g5,2569,91,91,380,advantage enPassant endgame master short,https://lichess.org/GoUOUwdQ/black#80,
sVLEQ,8/5kp1/2nPp2p/pp1pB2P/2pP2P1/P1P2K2/1P6/8 b - - 3 33,g7g5 h5g6 f7g6 d6d7 g6f7 e5d6,2531,86,45,52,advancedPawn clearance crushing defensiveMove enPassant endgame long,https://lichess.org/bTEmwBsO/black#66,
sZJ8k,1r3r1k/4pp1p/p2p1n1Q/2nB1PpP/4P3/2N1KP2/PP5q/1R4R1 b - - 10 24,b8b2 h6f8 f6g8 b1b2 h2g1 b2f2 g1c1 e3d4 e7e5 f5e6,2500,93,83,277,crushing enPassant hangingPiece intermezzo master masterVsMaster middlegame veryLong,https://lichess.org/gjC7NTVA/black#48,
ss3sP,8/4p3/3p4/p2P1k2/3K4/1PP5/8/8 b - - 2 38,e7e5 d5e6 f5e6 d4c4 a5a4 b3a4,2500,82,91,156,crushing enPassant endgame long pawnEndgame,https://lichess.org/AJXRydOC/black#76,
t4yUo,3qk2r/3bbpp1/2p1p3/1p2P1p1/1PpPB2P/2P4R/r4PP1/1RBQK3 b k - 1 18,f7f5 e5f6 e7f6 h4g5,2556,89,81,224,crushing enPassant middlegame short,https://lichess.org/DzT1wexd/black#36,French_Defense French_Defense_Knight_Variation
tObzM,8/pp4k1/7p/8/5p2/7P/PP4PK/8 w - - 0 34,h3h4 g7f6 g2g4 f4g3,2565,100,87,205,advantage enPassant endgame pawnEndgame short,https://lichess.org/0R2Iv7U3#67,
tRtfy,8/1pp5/3p1k2/p2Pp1pp/2P1K2P/PP3PP1/8/8 b - - 0 35,c7c5 d5c6 b7c6 h4g5,2581,92,88,270,crushing enPassant endgame master pawnEndgame short,https://lichess.org/C4uhBfRc/black#70,
tZC5P,2r3kb/3r1p2/p3p1p1/2q1P1B1/2ppRQ2/P4P2/5PK1/2R5 b - - 1 32,h8g7 c1h1 f7f5 e5f6,2578,99,73,73,advantage enPassant master masterVsMaster middlegame quietMove short,https://lichess.org/roMPpCXN/black#64,
tcabG,r2r2k1/1b1p1pp1/p1n1p2p/4P1qP/6R1/3B4/PP2QPP1/3R2K1 b - - 4 23,g5e7 e2e4 f7f5 e5f6 e7f6 g4f4 f6f4 e4f4,2568,82,91,2372,crushing enPassant middlegame pin veryLong,https://lichess.org/cWcktp4a/black#46,
tfWAg,r1b2rk1/ppp2p2/3qp2p/6p1/2BP1P2/2N1n3/PP1Q2PP/3R1RK1 b - - 1 17,e3d1 c3e4 d6d8 f4g5 f7f5 g5f6,2541,80,89,1083,crushing enPassant long middlegame,https://lichess.org/Y06FWiOh/black#34,Queens_Gambit_Declined Queens_Gambit_Declined_Vienna_Variation
tyxfQ,6k1/1p3pp1/pq2p2p/4P3/1P1r4/4Q3/1P3PPP/2R3K1 b - - 1 26,d4b4 c1c8 g8h7 e3d3 g7g6 d3f3 f7f5 e5f6,2570,79,93,645,advantage enPassant endgame veryLong,https://lichess.org/ZS7j1LWu/black#52,
u0HGj,8/p3k2p/6p1/1p1p1p2/2pP1PP1/2P1K2P/PP6/8 w - - 1 35,b2b4 c4b3 a2b3 f5g4,2530,92,73,79,crushing enPassant endgame pawnEndgame short,https://lichess.org/IzoJUeep#69,
uJWql,rr4k1/3b1pp1/3Np2p/3nP3/1q1PQ1NP/8/p4PP1/R1R3K1 b - - 3 27,f7f5 e5f6 b4d6 g4h6,2574,81,89,647,crushing enPassant kingsideAttack master middlegame short,https://lichess.org/VEmZHYAR/black#54,
uL2WV,4r2r/Np1k2p1/2p2n1p/P2p4/3R2P1/7P/1P3P2/2R3K1 b - - 0 29,e8e2 d4b4 b7b5 a5b6,2528,109,90,892,crushing enPassant endgame short,https://lichess.org/tmwsmMKS/black#58,
uNlCk,8/8/1k4p1/1pp1p2p/3pP2P/1P1P2P1/1KP5/8 w - - 4 37,c2c4 d4c3 b2c3 b6a5 c3b2 a5b4 b2c2 c5c4 b3c4 b5c4,2515,84,73,152,crushing enPassant endgame pawnEndgame veryLong zugzwang,https://lichess.org/ZMAHgfNj#73,
uU58o,2kr3r/Qpp2ppp/6q1/3P4/2B5/5P2/PP3P1P/R6K b - - 2 21,g6c2 c4b5 c7c5 d5c6 d8d1 a1d1 c2d1 h1g2,2527,86,95,84,crushing enPassant endgame quietMove veryLong,https://lichess.org/C2WuYIa5/black#42,
uiBIR,r1bq1rk1/ppp1pp2/3p1n1R/3N4/2PbP1p1/6P1/PPQNBPP1/R3K3 b Q - 2 14,f6d5 e4e5 f7f5 e5f6 d4f2 e1f2 f8f6 h6f6 d5f6 c2g6,2556,91,81,108,crushing enPassant kingsideAttack middlegame veryLong,https://lichess.org/dDxYezru/black#28,Kings_Indian_Defense Kings_Indian_Defense_Normal_Variation
uogqW,3q4/Q4Rp1/1pp5/pk1rp3/3p2P1/P7/1PPB3P/1K6 w - - 7 39,c2c4 d4c3 d2c3 d5d1 b1a2 a5a4 a7a4 b5a4,2525,90,65,34,clearance crushing enPassant endgame queensideAttack quietMove veryLong,https://lichess.org/PwjvJ4hQ#77,
uxnOi,r1b1r1k1/p1q2ppp/2p2b2/1Bp1P3/3p1P2/6Q1/PPP3PP/R1B2RK1 b - - 0 15,f6e5 f4e5 c6b5 c1h6 f7f5 e5f6 c7g3 f6f7,2506,81,84,127,advancedPawn crushing enPassant kingsideAttack middlegame pin sacrifice veryLong,https://lichess.org/bI3Abwzw/black#30,Sicilian_Defense Sicilian_Defense_Closed
vDyDZ,8/5p2/3Pk3/4P1pp/4K3/8/7P/8 b - - 1 55,f7f5 e5f6 g5g4 d6d7 e6d7 e4f5 d7e8 f5g6 e8f8 g6h5 f8f7 h5g5,2537,90,91,313,advancedPawn crushing enPassant endgame pawnEndgame veryLong,https://lichess.org/SvJTZGU7/black#110,
vSv0Q,8/8/pppp4/5kp1/1PPP3p/5K1P/P5P1/8 w - - 0 37,a2a4 d6d5 c4c5 b6b5 g2g4 h4g3 a4b5 a6b5 f3g3 f5e4 g3g4 e4d4,2598,96,89,843,crushing enPassant endgame pawnEndgame veryLong,https://lichess.org/0ZrQUNg2#73,
wFbie,r1b2k2/4qpbQ/4p1p1/3p2P1/p7/P1p2N2/1PP1B3/2K2R1R w - - 2 28,c1b1 e7b7 b2b4 a4b3,2589,98,91,1458,crushing enPassant middlegame short,https://lichess.org/uUOZHAVe#55,
wNZso,8/1p1r1kp1/1P1n1p1p/1pR4P/5B2/2P2K2/5P2/8 b - - 13 51,g7g5 h5g6 f7g6 c5d5,2538,105,89,812,advantage enPassant endgame master short,https://lichess.org/bz3wzXau/black#102,
wkGq4,5rk1/6pp/4pb2/q2p4/1pbBp3/8/PQP2PPP/R3R1K1 w - - 4 24,a2a4 b4a3 d4f6 a3b2 a1a5 g7f6 e1b1 f8b8,2511,95,57,51,advancedPawn crushing defensiveMove enPassant intermezzo middlegame veryLong,https://lichess.org/Qx36V45q#47,
wmnm7,2r2r1k/p1q1npp1/1p2p2p/3bP3/3P1QRN/P1PB4/6PP/5RK1 b - - 5 23,f7f5 e5f6 f8f6 f4f6 g7f6 f1f6,2549,113,89,1115,advantage enPassant long middlegame sacrifice,https://lichess.org/VqdtquNZ/black#46,
xHa9N,r1r5/1b2kppp/pp1bpq2/3p1P2/8/3B4/PPPBQ1PP/R4R1K b - - 0 22,e6e5 e2h5 h7h6 d2e1 g7g5 f5g6,2527,84,52,72,advantage enPassant long middlegame quietMove,https://lichess.org/WDNMhPNZ/black#44,
xXCDg,1r4k1/p7/2p3p1/2q4p/3ppK2/1P5P/P1P1QPP1/2RR4 w - - 0 29,f4g3 c5d6 f2f4 e4f3 g3f3 b8f8,2546,97,93,503,advantage attraction discoveredAttack enPassant endgame long,https://lichess.org/4EC3io82#57,
xr1Hf,4Q3/3P1ppk/p6p/1p3P1K/3q4/7P/6P1/8 b - - 12 45,d4d1 g2g4 d1d3 h5h4 g7g5 f5g6,2559,90,74,415,crushing defensiveMove enPassant endgame long queenEndgame,https://lichess.org/Ys3gkzhc/black#90,
xteyC,8/6pk/5p1p/7P/2p5/2P5/6P1/6K1 b - - 1 43,h7g8 g1f2 g8h7 f2e3 g7g5 h5g6,2570,83,95,228,crushing enPassant endgame long pawnEndgame,https://lichess.org/BivwRRvw/black#86,
xw2Nb,r2qk2r/p1pp1ppp/1p2p3/2b1P3/5PPn/2NQ2K1/PPP4P/R1B2R2 b kq - 4 14,f7f5 e5f6 d8f6 c3e4,2508,81,90,709,advantage enPassant middlegame short,https://lichess.org/kZnnAgyl/black#28,Owen_Defense Owen_Defense_Other_variations
yC6hy,8/5p1p/6p1/p3k3/2P3PP/2K5/P7/8 b - - 0 38,h7h5 g4g5 f7f5 g5f6 e5f6 c4c5 f6e5 c3c4,2526,90,85,269,crushing defensiveMove enPassant endgame pawnEndgame quietMove veryLong,https://lichess.org/SpK5SFjZ/black#76,
yRRWh,8/3k1p2/p1n1p1pp/1p1PP3/1Pp1P1PP/P3K3/1B6/8 b - - 0 31,e6d5 e4d5 c6e7 e3e4 h6h5 d5d6 f7f5 e5f6,2555,89,66,57,advantage enPassant endgame veryLong,https://lichess.org/kKu8GYio/black#62,
ynegP,r2q2k1/pp3ppp/5n2/1Pbpr3/P3p3/1Q2P3/3PNPPP/RN1R2K1 w - - 0 17,d2d4 e4d3 d1d3 f6g4 h2h3 g4f2,2510,92,85,140,advantage enPassant long middlegame,https://lichess.org/F9niXqXL#33,Polish_Opening Polish_Opening_Czech_Defense
yzvh0,8/5pkp/R5p1/1P6/2P1KPP1/p6r/8/8 b - - 1 39,h3b3 g4g5 h7h5 g5h6,2575,94,76,183,crushing enPassant endgame quietMove rookEndgame short,https://lichess.org/wFlDZhVz/black#78,
zPhT8,r4rk1/pb2qpp1/1p1bp2p/6N1/3P3P/3B4/PP2QPP1/1K1R3R b - - 0 16,h6g5 h4g5 g7g6 e2g4 f7f5 g5f6,2517,92,83,43,advantage enPassant long middlegame,https://lichess.org/xpOyMtJW/black#32,French_Defense French_Defense_Rubinstein_Variation
zUgwS,5rk1/5pp1/1q3b2/1p3B1P/p1r3Q1/P4P1P/1PP5/1K1R3R w - - 4 30,f5e4 b5b4 e4h7 g8h8 g4c4 b4a3 b2b4 a4b3 c2b3 a3a2,2579,85,71,79,advancedPawn crushing enPassant middlegame pin queensideAttack sacrifice veryLong,https://lichess.org/GOZ5Tr8r#59,
zWvg3,8/1p4k1/p1p4p/8/PP4P1/8/5P2/7K b - - 0 48,g7f6 a4a5 f6g5 f2f3 g5f4 h1g2 b7b5 a5b6,2555,80,77,155,crushing enPassant endgame pawnEndgame quietMove veryLong,https://lichess.org/cl3vtqPG/black#96,
zYJkQ,8/8/8/Bkpp4/p7/P1PK4/1P6/8 w - - 3 50,b2b4 a4b3 a5d8 b5a4 c3c4 a4a3,2504,93,76,57,bishopEndgame crushing enPassant endgame long,https://lichess.org/LoGqWavZ#99,
